x,y,ID,NAME,CATE,lat,long
385401,-68247,15845048,롯데시네마 서귀포,롯데시네마,126.50812130765138,33.24654336784118
329790,-22940,2076936417,한림작은영화관,영화관,126.26807859849474,33.408757574999605
368450,-14322,17574886,제주공룡랜드 3D입체영화관,테마파크시설,126.43411106687186,33.440705846890445
378788,-1862,637234203,CGV 제주노형,CJCGV,126.47831129133561,33.4858351582316
382623,-3293,686401067,롯데시네마 제주연동 (2021년12월 예정),롯데시네마,126.49484627526667,33.48074294174128
376221,914,1410146337,제주자동차극장,자동차극장,126.46720219296637,33.49579915551404
390188,2035,8554017,CGV 제주,CJCGV,126.52729827208431,33.50008572681237
392168,-2483,1751474324,롯데시네마 제주아라,롯데시네마,126.53590815202061,33.48382466949373
390730,1789,14661797,팝스DVD영화관 제주점,비디오방,DVD감상실,126.52963611927386,33.49920745677439
404359,7622,455167287,롯데시네마 제주삼화지구,롯데시네마,126.58820249816344,33.520451928253166
440613,230265,56917915,빙그레시네마,영화관,126.74188806130928,34.323753026178686
332484,274247,424352359,진도아리랑시네마,영화관,126.27057798549612,34.48044237455682
339992,297929,78462780,명량MR시네마,영화관,126.3025568163803,34.566019727782965
409560,298468,1204947106,해남시네마,영화관,126.60577200028534,34.569319024475696
447855,318170,559283604,강진작은영화관 (2023년예정),영화관,126.77250467737986,34.64078426388578
568029,310966,27432454,고흥작은영화관,영화관,127.29669995119917,34.61465980268052
478931,327808,27176505,정남진시네마,영화관,126.90804268595426,34.675713851137104
478934,327809,1057009360,씨네드림 장흥점,영화,영상,126.90805577569142,34.67571746673548
373840,351088,288370939,대불작은영화관 (2022년12월예정),영화관,126.44881899071073,34.75844181890225
647200,343585,784808606,여수자동차극장,자동차극장,127.64288838710591,34.73093931320768
655379,348580,26471230,CGV 여수웅천,CJCGV,127.67875485458126,34.74875470361698
655420,348675,729514679,메가박스 여수웅천,메가박스,127.67893675000371,34.74909622106963
359841,359026,1149957640,시네마라운지MM,영화관,126.387450180316,34.78676979325475
359027,360085,10330028,OLC 목포극장1926,영화관,126.38386446647293,34.790570011547466
517863,352608,846803324,보성작은영화관,영화관,127.07804846814109,34.76514487919617
296443,370558,1919182617,신안작은영화관 (2023년예정),영화관,126.1099541587663,34.82663559289125
370351,362422,323831278,CGV 목포평화광장,CJCGV,126.43329716906045,34.79923647676289
367305,363343,7989307,CGV 목포,CJCGV,126.41996027513764,34.802494389689926
368744,364711,27437888,메가박스 목포하당,메가박스,126.4262160063657,34.80745648702627
431720,362496,1749922392,영암작은영화관 (2025년12월예정),영화관,126.70153877166142,34.80045672395454
874836,368640,377366498,거제연육교 자동차극장,자동차극장,128.6386109233147,34.81194094323903
580835,375358,2134017460,별교작은영화관 (2024년예정),영화관,127.3535381012257,34.84668461051198
705762,375728,27133355,보물섬시네마,영화관,127.89988888459098,34.84520349031122
705735,375640,1466528534,남해군작은영화관 주식회사,영화,영상,127.89976736135043,34.84488710799132
825923,380480,19392264,CGV 통영,CJCGV,128.42558434209047,34.857309776487114
826982,380955,14589504,롯데시네마 통영,롯데시네마,128.4302447617926,34.85896752878576
869367,390579,7989209,CGV 거제,CJCGV,128.6162573603594,34.891332710800086
868097,391893,27187731,삼성문화관 영화관,영화관,128.61079457267311,34.89614234026358
616678,401762,7856279,메가박스 순천,메가박스,127.51088458941916,34.94132635372805
626177,397556,618539404,CGV 순천신대,CJCGV,127.55237345434342,34.92597999548265
665135,400450,2097613728,CGV 광양,CJCGV,127.7230033973206,34.93551874120408
629381,407878,2074992635,CGV 광양엘에프스퀘어,CJCGV,127.566655193102,34.96313026089838
736979,404814,1147157992,메가박스 삼천포,메가박스,128.03771421931302,34.94897199910197
379745,414485,149979521,무안작은영화관 (2022년12월예정),영화관,126.47316024127626,34.987131015575606
452776,424411,1489900189,CGV 나주,CJCGV,126.79301722890007,35.02388603380766
391318,434460,976563089,함평자동차극장,자동차극장,126.52344243628869,35.05935819358747
496611,433881,448720199,OLC 화순시네마(2021년11월예정),영화관,126.98513979063854,35.058205805042824
670895,437625,843654261,알프스하동영화관 with 씨네Q,영화관,127.74944144643855,35.069390241072604
746774,441556,1068879596,롯데시네마 사천,롯데시네마,128.0823430281267,35.0810485694355
935660,447683,724553730,롯데시네마 부산명지,롯데시네마,128.91098545631732,35.09290683035348
933941,448073,2116074814,CGV 명지,CJCGV,128.9034815861813,35.094430774387384
935406,447818,179446414,노블랜드(롯데시네마 부산명지점,영화,영상,128.9098832042234,35.093410850482364
948210,451726,862763851,CGV 하단아트몰링,CJCGV,128.9663564632501,35.10659520782475
950488,444626,1844952090,롯데시네마 장림점(2023년예정),롯데시네마,128.9757276441528,35.08084909658074
962642,449803,83596665,롯데시네마 대영,롯데시네마,129.02946497193733,35.09862294185396
962468,449798,8412889,메가박스 부산극장,메가박스,129.02870166764893,35.0986176977296
962150,449718,8576718,CGV 남포점(휴업중),CJCGV,129.027300339608,35.09835277016938
964208,449638,25414159,롯데시네마 광복,롯데시네마,129.03631588172718,35.097913252159024
962338,449812,26924803,메가박스 부산극장(신관)(휴업중),메가박스,129.02813296601272,35.09867768176726
962958,450358,26936218,모퉁이극장,영화관,129.0309000045764,35.10059951230321
962959,450358,1324816537,BNK부산은행 아트시네마,영화관,129.03090438891726,35.100599438832035
962406,451389,1886245494,낭만실버영화관,영화관,129.02857191504145,35.10435495018224
962475,449895,26572611,시네마타운 DVD영화관,비디오방,DVD감상실,129.02874101921168,35.0989666952155
963078,449824,20556470,디지털DVD영화관 2호점,비디오방,DVD감상실,129.031378376275,35.09866658484539
457081,462913,10810649,메가박스 광주하남,메가박스,126.81156687508052,35.16273412201733
456645,462200,561497996,롯데시네마 광주광산,롯데시네마,126.80965864312927,35.16016046671706
466062,460557,7999530,CGV 광주상무,CJCGV,126.85101273552246,35.15429464767232
466832,460528,13055371,메가박스 광주상무,메가박스,126.85439319937858,35.15419419958168
466340,459360,1564877972,롯데시네마 상무(2022년10월예정),롯데시네마,126.8522409496307,35.1499804410181
466736,460714,366232349,메가박스 컴포트 광주상무,메가박스,126.85397056441387,35.15486430238574
472940,462324,7992113,CGV 광주터미널,CJCGV,126.88119771611063,35.16069881243613
480568,458460,970613077,CGV 광주금남로,CJCGV,126.91470164219575,35.146795609833774
480527,458809,22810698,롯데시네마 충장로,롯데시네마,126.91452035376689,35.14805378228401
480233,459071,268554041,CGV 광주충장로,CJCGV,126.91322879538,35.148997490614676
479989,460623,10360868,롯데시네마 광주,롯데시네마,126.91215169558387,35.15459236052358
480025,459329,8202797,광주극장,영화관,126.91231474083135,35.14992703700848
482293,458494,913985050,광주독립영화관,영화관,126.92227354812587,35.14692328849855
481870,458601,1841614514,국립아시아문화전당 ACC시네마테크,영화관,126.92041637799925,35.147307865617286
482288,458506,263273600,기프트,영화관,126.92225155905072,35.146966539734464
481033,458565,8949398,디지털 영화관,비디오방,DVD감상실,126.91674241033452,35.1471756009377
480703,460567,10373666,라인극장,비디오방,DVD감상실,126.91528636228065,35.1543926880798
965561,455843,674464870,장애인전용무료영화관,영화관,129.04280573366327,35.120171120465805
965934,458334,967828429,추억의이바구씨네마무료극장,영화관,129.04466585937882,35.12911899603341
970121,464017,7986690,CGV 서면,CJCGV,129.06354608217953,35.14928413472726
978276,460870,20536091,CGV 대연,CJCGV,129.0990291437296,35.13733063373302
970565,463748,906832250,드림시어터,영화관,129.06546934555874,35.14828170123442
977059,457352,1311761869,유엔평화기념관 4D영상관,영화관,129.09336665679933,35.12474751074098
978265,460575,1778869578,OTT PRIVATE,영화관,129.0989536036491,35.13626857707829
978358,460532,14540993,나모DVD영화감상실,비디오방,DVD감상실,129.09935752859613,35.13610657841181
980503,462688,1882909889,인생극장실버영화관,영화관,129.10896600771423,35.143711236349866
455929,467171,360422379,CGV 광주하남,CJCGV,126.80647274648148,35.17807799294289
458881,470147,17150776,롯데시네마 수완,롯데시네마,126.81941195560444,35.18882770055598
479953,468415,21805775,CGV 광주용봉,CJCGV,126.91196338203902,35.1826857497557
480061,465611,11962401,메가박스 전대,메가박스,126.91244850500028,35.172576485140354
480152,466244,26038079,OCN영화관,비디오방,DVD감상실,126.91284564705893,35.174859008065
480522,466498,1206022110,에이스DVD영화관,비디오방,DVD감상실,126.91446938955401,35.17577594419092
480168,466630,189041115,콜롬버스영화관비디오감상실,비디오방,DVD감상실,126.91291442030673,35.176250752688645
480252,466714,23479894,매가맥스DVD영화관,문화,예술,126.91328295615622,35.1765538729844
746510,472581,10352285,롯데시네마 프리미엄진주,롯데시네마,128.08266511361788,35.192898052275844
752310,464615,909440993,롯데시네마 엠비씨네,롯데시네마,128.10774467726742,35.16395220358751
760470,469350,2079555641,CGV 진주혁신,CJCGV,128.1438032297202,35.18068764964076
759658,469306,1209031183,롯데시네마 진주혁신,롯데시네마,128.1402359040643,35.18056266074288
855198,470666,129938496,롯데시네마 프리미엄경남대,롯데시네마,128.55975452300007,35.180788886396144
856174,470872,1762347135,메가박스 마산,메가박스,128.56405316620857,35.18147606489712
886635,465121,18631286,롯데시네마 진해,롯데시네마,128.69733431212592,35.15894944737807
913043,468658,785366489,CGV 김해율하,CJCGV,128.81349889096623,35.170016098170386
916385,472941,20175836,롯데시네마 김해아울렛,롯데시네마,128.82851129594457,35.18522973380118
951804,467447,7863916,롯데시네마 사상,롯데시네마,128.9834893604501,35.16298577742778
951981,467591,12652674,헐리웃영화관,비디오방,DVD감상실,128.98427861044487,35.163491925103166
952293,467355,620963609,탑DVD영화관,비디오방,DVD감상실,128.9856269395478,35.162619115055705
969202,465033,1155737895,CGV 서면삼정타워,CJCGV,129.0596068334141,35.153013512351
968288,465945,17358607,롯데시네마 부산본점,롯데시네마,129.05567973296766,35.15636767587414
968715,465373,955734415,CGV 부전(2021년12월예정),CJCGV,129.05750118136714,35.154274884112496
968839,465366,17286534,메가DVD전용영화관,비디오방,DVD감상실,129.0580445518714,35.15424041921679
969911,466096,25036706,롯데시네마 서면,롯데시네마,129.0628139790423,35.1567906706272
985223,469840,8548078,CGV 센텀시티점,CJCGV,129.13034174660135,35.16911722129084
985223,469840,12140683,CGV 씨네드쉐프 센텀시티,CJCGV,129.13034174660135,35.16911722129084
985380,470113,10361551,롯데시네마 센텀시티,롯데시네마,129.13105629557924,35.17008869976393
984453,470353,23210864,영화의전당,영화관,129.12701133767237,35.17102492475772
984505,470376,839753171,영화의전당 중극장,영화관,129.12724166514545,35.17110378399267
982508,466970,744187845,영덕스클럽,영화관,129.11816073506242,35.15898571714576
984493,470394,927899999,영화의전당 시네마테크,영화관,129.12719070075045,35.17116956196323
984514,470534,18315672,영화의전당 소극장,영화관,129.1272959897705,35.171672354635554
984457,470357,1573638430,인디플러스 영화의전당,영화관,129.12702926456424,35.17103902819737
991655,468239,27265656,CGV 해운대,CJCGV,129.15841084814645,35.1628492112567
995764,470108,22809420,롯데시네마 프리미엄해운대,롯데시네마,129.1766177010277,35.16926022230823
995825,470388,7993645,메가박스 해운대,메가박스,129.1769122444793,35.17026420114616
992285,468912,16955169,팝스가족영화관,비디오방,DVD감상실,129.16123903132075,35.16522464001572
466401,479175,17040953,메가박스 첨단,메가박스,126.85237958627805,35.221421991086096
466023,477770,7987506,CGV 광주첨단,CJCGV,126.85072808694784,35.21635438000178
464030,479155,1564260005,롯데시네마 첨단(2024년6월예정),롯데시네마,126.84196254536073,35.22133673270225
477535,479901,8538270,광주자동차극장,자동차극장,126.90129462810178,35.224089274652975
477299,480173,1914379048,광주자동차극장 매표소,자동차극장,126.9002565068349,35.225069092078634
477777,479060,1775572938,광주자동차극장,자동차극장,126.90236154360753,35.22105799890622
860630,482095,68032977,롯데시네마 마산산호(2023년2월예정),롯데시네마,128.58439955294773,35.22166988285842
881404,482353,7871058,메가박스 창원,메가박스,128.67565379779393,35.22137093802165
882658,482768,333256021,CGV 창원상남,CJCGV,128.68119184381695,35.22279016032401
882806,483190,19231232,롯데시네마 창원,롯데시네마,128.68187321321366,35.2243019512111
928847,484474,24767314,롯데시네마 김해부원,롯데시네마,128.88417098166607,35.22594995945061
957022,480876,19677812,메가박스 덕천,메가박스,129.00757495639573,35.21099604362525
954664,479595,11782113,아세아극장,영화관,128.99710944185165,35.2065516078067
974709,484147,10996915,CGV 동래,CJCGV,129.08552578745253,35.221468552160204
972866,481460,15437595,롯데시네마 동래,롯데시네마,129.07718697458387,35.21192640711521
974097,479700,23054625,3D DVD영화관,영화,영상,129.08242930077802,35.20549221222872
1003545,476683,26410196,롯데시네마 동부산아울렛,롯데시네마,129.21139900843872,35.1923296771561
1006638,479228,1747358860,롯데시네마 드라이브 오시리아,자동차극장,129.22522348154607,35.201249770489376
387990,493565,682844430,영광작은영화관,영화관,126.50756715198746,35.272391353684334
593888,493975,25672806,자연드림시네마,영화관,127.41277208660641,35.27416755355502
843729,489407,1518736262,메가박스 창원내서,메가박스,128.51065850915666,35.248972291082296
860098,486495,8552504,CGV 마산,CJCGV,128.58237099083175,35.23755812755141
860302,486774,19615395,롯데시네마 마산,롯데시네마,128.58328666458954,35.23855192510333
876322,487556,8578089,CGV 창원더시티,CJCGV,128.65371552994338,35.240428929177995
873688,485893,7993125,CGV 창원,CJCGV,128.6420240592764,35.23459321401854
869448,491550,1819705484,메가박스 스타필드창원(2025년예정),메가박스,128.62380625815666,35.25523196621065
925213,488888,8551815,CGV 김해,CJCGV,128.8685771665738,35.24210310930563
925814,494145,8437303,스카이디지털영화관,비디오방,DVD감상실,128.87165248494412,35.26100567444544
933299,489998,23098141,MDVD영화관,비디오방,DVD감상실,128.90418690930667,35.245549139465346
957415,487473,20225587,CGV 화명,CJCGV,129.00988658169265,35.23473756960604
958715,488509,64646521,무사이,영화관,129.01568803806916,35.23837546705716
957595,487712,19637766,에버DVD영화관,비디오,DVD대여점,129.0106983294439,35.23558559271027
975248,486556,283485940,메가박스 부산대,메가박스,129.08811480485906,35.23010736525047
975640,486065,26419120,롯데시네마 오투,롯데시네마,129.0897907468663,35.228308577681766
975106,486388,26546766,아이맥스DVD영화관 부산대점,비디오방,DVD감상실,129.08747575169855,35.22951282105467
975360,486552,1553911927,제이제이디지털영화관,비디오방,DVD감상실,129.08860624277867,35.230084464786266
565753,495315,1024330899,OLC 곡성극장,영화관,127.28909737870917,35.27935747035505
720747,502358,1424682383,산청군작은영화관,영화관,127.97080879193673,35.301198882401465
820859,496983,607990246,OLC 함안군 작은영화관,영화관,128.41064822706144,35.27749117124664
784735,507830,654720777,의령작은영화관 (2022년예정),영화관,128.25246828310574,35.31833667142495
955128,510540,774335758,CGV 양산물금,CJCGV,129.00188788755077,35.31801818436247
956910,508428,436637206,메가박스 양산라피에스타,메가박스,129.00953343832637,35.31027838898054
995241,512329,1183845503,CGV 정관,CJCGV,129.1783894302078,35.321414391139875
995261,511782,98640393,메가박스 정관,메가박스,129.1784244657641,35.31944211347475
532910,521526,27362282,천재의 공간 영화산책,영화관,127.14486508015324,35.3741156021672
532946,521507,2018861236,포스시네마 순창지사,영화,영상,127.1450234239646,35.374046911403155
960709,516274,1183513155,메가박스 양산,메가박스,129.026938271074,35.33826938542761
962824,517862,20085488,스카이디지털영화관,비디오방,DVD감상실,129.03638182542943,35.34383467045472
400864,532440,583008643,무장시네마,영화관,126.56341060854363,35.41276158731457
836106,529817,851191441,창녕작은영화관 (2022년6월예정),영화관,128.47981801209417,35.39502903298206
432485,537639,24866145,동리시네마,영화관,126.70259677233653,35.43192828982288
593573,536243,682705024,남원농협 영화관(2021년예정),영화관,127.41216065818683,35.42655819667686
992261,537914,1418730294,CGV 양산삼호,CJCGV,129.1677540057365,35.41382563545599
992257,537910,2046593952,세진ENM,영화,영상,129.1677360161926,35.41381154075533
663808,563926,1575120219,CGV 함양문화예술회관 비상설 상영관,CJCGV,127.72239949321937,35.52490233635751
896105,559725,8313531,밀양시네마,영화관,128.74620957494787,35.499281130356266
1050755,562080,2010407588,롯데시네마 울산화정 (2023년예정),롯데시네마,129.42776190573156,35.49597563642958
465915,575820,23278955,CGV 정읍,CJCGV,126.84959869527016,35.56985217716214
762366,576728,27454960,합천시네마,영화관,128.1576427531121,35.56766091802437
973993,573100,1044324688,씨네Q 울산자동차극장,자동차극장,129.09063742073343,35.54201222767748
974003,573105,969748059,자수정 동굴나라 자동차극장,자동차극장,129.09068196912335,35.54202947716161
1012304,573913,17025593,씨네오레,비디오방,DVD감상실,129.25958458509373,35.541893886248815
1030297,574150,19659843,CGV 울산삼산,CJCGV,129.33891178712076,35.541234845688436
1030168,573260,19231907,롯데시네마 울산,롯데시네마,129.3382501476167,35.53803991829909
1023888,571627,1025485208,스카이디지털영화관 공업탑점,비디오방,DVD감상실,129.3104043539676,35.53269113660426
1029985,573847,15479726,씨네오레 디지털영화관,공연장,연극극장,129.3375050269836,35.54017005444177
1030099,573793,23490998,스타맥스DVD감상실,비디오방,DVD감상실,129.33800180303766,35.53996579075806
1050443,568396,8149347,한마음회관,공연장,연극극장,129.42707254416993,35.51875345255172
1025960,577350,24011934,롯데시네마 울산성남,롯데시네마,129.32012943177443,35.553131433956786
1026169,577696,7862630,메가박스 울산,메가박스,129.32108664815522,35.55436006790236
1026323,578160,26620791,울산실버영화관,영화관,129.3218137114696,35.55601842782714
1025669,577467,8241130,깐느DVD영화관,비디오방,DVD감상실,129.31885884795926,35.55357758473485
1033925,583845,251399927,CGV 울산진장,CJCGV,129.35592357628872,35.57584630159734
617388,595878,1019599800,OLC 한누리극장,영화관,127.51843639768661,35.641142833222325
617335,595862,189031708,댕스코,영화,영상,127.51820196283153,35.64108616038096
1003247,596978,1863905652,범서온천자동차극장,자동차극장,129.22195987066195,35.62572659283368
1003175,596853,1827658188,INGG 시네파크,자동차극장,129.22162972362483,35.62528214916759
1033497,600250,908293942,CGV 울산신천,CJCGV,129.35576890878954,35.63497594484135
1050576,602155,8033635,블루마씨네,자동차극장,129.43133296779789,35.64033946700527
706641,609356,849882750,롯데시네마 거창,롯데시네마,127.91313437675144,35.68738534192
829551,612430,458094295,롯데시네마 대구현풍,롯데시네마,128.45634001405514,35.69312007417202
829550,612448,79202582,에이치와이,영화관,128.45633677572877,35.69318499876028
437948,618730,880790876,OLC 부안마실영화관,영화관,126.72566592533167,35.72433015652561
438056,618711,394977799,댕스코,영화,영상,126.72614362666528,35.72426274793633
595700,636890,26908613,마이골작은영화관,영화관,127.42343678299098,35.78936557838326
477537,643753,24323717,지평선시네마,영화관,126.9005776335345,35.81481150149968
526087,641554,25575307,CGV 전주효자,CJCGV,127.11545087030312,35.806869678899375
524050,644313,2137443630,CGV 서전주,CJCGV,127.1064491924028,35.81682430915082
524438,644535,593577240,도킹스페이스,영화관,127.10816762605187,35.81762309469685
532071,645311,27457299,CGV 전주고사,CJCGV,127.1419577559832,35.820385451379614
532471,645452,698830935,씨네Q 전주영화의거리,영화관,127.14372921085537,35.82089165684887
532155,645446,2104821103,조이앤시네마 전주점,영화관,127.14233043785555,35.820871691009835
531961,645220,8062163,전주시네마타운,영화관,127.14147027577955,35.82005796746953
532239,644748,8515746,전주디지털독립영화관,영화관,127.14269774995168,35.81835493752557
532322,645430,9009417,배우수업DVD영화관 오거리점,비디오방,DVD감상실,127.14306953873599,35.820813132953845
847780,646935,25449934,롯데시네마 상인,롯데시네마,128.5392650817456,35.816467100859214
513396,650518,1221579373,메가박스 전주혁신,메가박스,127.05930953715739,35.83922607072738
527515,649205,1211456976,롯데시네마 전주,롯데시네마,127.12181275902242,35.8344455656727
527314,658254,335377165,롯데시네마 전주송천(2021년예정),롯데시네마,127.12097244438077,35.86706826208899
528917,651454,9213852,스타워즈영화관,비디오방,DVD감상실,127.12803262268005,35.84254681186742
844935,649137,246438685,CGV 대구월성,CJCGV,128.5268291979275,35.82456314450279
840502,657340,26095301,롯데시네마 성서,롯데시네마,128.50777241376585,35.85437258833497
837050,657755,1784808856,오드리헵번DVD영화관,비디오방,DVD감상실,128.49251937270375,35.8560589873972
850193,657860,25045047,롯데시네마 대구광장,롯데시네마,128.550707595045,35.85570041952163
847017,656365,920618518,CGV 대구죽전(2021년예정),CJCGV,128.53654436943577,35.850493520845305
850325,657960,1577050520,CGV 대구내당(2022년예정),CJCGV,128.55129894096325,35.85605324474619
872555,658215,202898111,다비드DVD영화관,비디오방,DVD감상실,128.6497206973975,35.85566105874063
881163,651701,14593229,CGV 대구스타디움,CJCGV,128.68732596939049,35.831658778441444
881450,653480,1564671523,롯데시네마 대구수성(2024년예정),롯데시네마,128.68873183972184,35.83805150018971
885674,653787,21087688,폭스DVD영화관,문화,예술,128.70744837465395,35.83889355533325
892304,652286,1179685102,CGV 경산,CJCGV,128.73667067340565,35.83306433131773
891542,652651,18512746,롯데시네마 경산,롯데시네마,128.73332741444017,35.834428255770156
999898,656815,17022020,롯데시네마 경주,롯데시네마,129.2131419921603,35.841555493452574
999800,656958,18839781,애플DVD영화관,비디오방,DVD감상실,129.21272273206333,35.84207861519023
999921,656829,815315965,새한경주,영화,영상,129.21324515099454,35.84160405118014
1017453,656650,837629743,씨네Q 경주보문,영화관,129.2907893773457,35.83950503386404
528117,659997,296008657,CGV 전주에코시티(2021년예정),CJCGV,127.1245387188486,35.87334815156903
851703,662041,7854480,디지털영화관,비디오방,DVD감상실,128.55768674827493,35.87068093911908
860194,662165,18682791,CGV 대구한일,CJCGV,128.5952892769287,35.87063433838145
860539,662043,7854224,롯데시네마 동성로,롯데시네마,128.5968079170295,35.870174399722586
859095,662219,180523921,롯데시네마 프리미엄만경,롯데시네마,128.5904274115856,35.87089346499032
858968,666175,7877177,메가박스 대구,메가박스,128.59015008325915,35.885156816301134
859957,661965,23182514,CGV 대구아카데미,CJCGV,128.5942255347028,35.86992754847198
859252,661094,14593235,CGV 대구현대,CJCGV,128.59104145859976,35.86683018563768
865643,660410,1178572179,롯데시네마 대구범어(2021년예정),롯데시네마,128.61928546318072,35.86398720700031
858875,662152,26336440,오오극장,영화관,128.58944854767338,35.87066491672768
860269,662800,11282476,동성아트홀,영화관,128.59566722618283,35.87291821991733
860340,662959,8720177,가고파극장,영화관,128.59599307687648,35.87348701675779
859356,662462,26785761,그레이스실버영화관,영화관,128.59160049419782,35.871753836417106
863200,668357,18361259,베니스DVD영화관,비디오방,DVD감상실,128.60904943682166,35.892770200409224
860299,661350,11778012,MDVD영화관,비디오방,DVD감상실,128.59569525920529,35.867691219082985
867933,664261,909487409,메가박스 대구신세계,메가박스,128.62970750053924,35.87772738034814
870549,664430,145450399,소목골극장,영화관,128.64130301853382,35.87817863221885
882217,662018,12520274,롯데시네마 대구율하,롯데시네마,128.69278015974425,35.868769965880894
891046,664339,567128783,메가박스 대구신서(2022년3월예정),메가박스,128.73204865881942,35.876576101005924
1000773,667738,1741651611,롯데시네마 경주황성,롯데시네마,129.21810971758734,35.8808321472305
789950,673995,1314897285,성주작은영화관 (2023년12월예정),영화관,128.28494811799402,35.9169991671554
849180,677169,19553010,편안한DVD영화관,비디오방,DVD감상실,128.5475771351741,35.92534174568429
869190,676523,13127662,CGV 대구이시아,CJCGV,128.63618254571526,35.921838112421156
869123,676233,1539011957,메가박스 대구이시아,메가박스,128.6358641967792,35.920797140493846
911440,674995,27561203,메가박스 경산하양,메가박스,128.82321965428895,35.91363526691191
433595,685309,1709516578,CGV 군산,CJCGV,126.70553553023288,35.96430078929133
433443,684569,266458124,롯데시네마 군산나운,롯데시네마,126.70487143992486,35.96163150053327
441036,688574,936444266,롯데시네마 군산몰,롯데시네마,126.73849255011197,35.976147264892056
486483,681157,1640268140,롯데시네마 익산모현,롯데시네마,126.94007156104513,35.94967929859735
494084,683473,8000544,CGV 익산,CJCGV,126.97376828999114,35.95804048679954
491664,683829,273734439,영화관 신동점,호프,요리주점,126.96303734583287,35.95932102729964
528870,684957,25810587,완주휴시네마,영화관,127.12801888620238,35.963324830613026
852770,681875,21359661,롯데시네마 프리미엄칠곡,롯데시네마,128.56381688426575,35.942094294512756
851935,682478,8554819,CGV 대구칠곡,CJCGV,128.56015931462036,35.94431544413964
852289,682417,10595381,메가박스 북대구,메가박스,128.56172377853744,35.94407521718974
866095,681915,79348698,CGV 대구연경,CJCGV,128.62286818655818,35.941454447374184
867685,682455,378189372,롯데시네마 대구연경(예정),롯데시네마,128.6299539338082,35.94330485288297
937735,689163,63940729,롯데시네마 영천,롯데시네마,128.9409309113924,35.96285567478847
936967,689421,346607759,영천공설시장 별빛영화관 with 씨네Q,영화관,128.93755004183382,35.963840239986204
431060,698820,27316359,기벌포영화관,영화관,126.69410657842495,36.01297835583414
435408,691448,27085771,시네마DVD영화관,비디오방,DVD감상실,126.71349499004599,35.986450756987736
435403,691431,761875155,베니스DVD영화관,비디오방,DVD감상실,126.7134730338135,35.98638942075721
649332,696287,24996939,무주산골영화관,영화관,127.66250840120333,36.00240758933061
881989,695070,8530659,씨네80,자동차극장,128.6943104986157,35.98788376465203
1041979,694716,670989412,메가박스 남포항,메가박스,129.40342839937134,35.97449357274522
440080,700998,8938533,로드시네마,자동차극장,126.73410239877315,36.02092519134873
862322,702185,8115346,팔공산신씨네극장,자동차극장,128.6076297496319,36.01472286523213
1029425,705025,27233945,CGV 포항,CJCGV,129.34890092499575,36.01272755380117
817495,711670,1633910926,호이영화관 with 씨네Q,영화관,128.40939833399304,36.0514060935242
1033580,712888,11494684,CGV 북포항,CJCGV,129.36816923488297,36.040686405826165
1032423,711708,7864080,롯데시네마 포항점,롯데시네마,129.36291104947765,36.03653752774237
1033363,712932,1191428380,인디플러스 포항,영화관,129.36721161702107,36.040863900274594
610480,722890,2005602199,금산시네마 with 씨네Q (휴업중),영화관,127.49074387099826,36.099133466411914
766365,728624,48082089,CGV 김천율곡,CJCGV,128.18338931208157,36.114963599307856
811812,726297,7863756,롯데시네마 구미공단,롯데시네마,128.38510180555596,36.10441324621022
811784,726253,16288598,영화관25시마트 나들가게 공단점,편의점,128.38497467551588,36.10425611594553
819180,727170,18653733,메가박스 구미강동,메가박스,128.41787887003937,36.10717654391501
1035695,723277,901891089,CGV 포항장성(2022년9월예정),CJCGV,129.37867545639054,36.07791963261676
749990,731298,27117794,메가박스 김천,메가박스,128.11078798320446,36.12529766664921
800407,732960,1575567759,롯데시네마 프리미엄구미센트럴,롯데시네마,128.33485862407827,36.12900083268518
798788,733248,10998960,CGV 구미,CJCGV,128.3276838241779,36.13011869840695
795939,735569,1291625693,씨네Q 구미봉곡,영화관,128.3151667158246,36.13862299561987
521971,745850,439875087,CGV 논산,CJCGV,127.09769764653574,36.182865878409395
522298,747765,585758273,메가박스 논산,메가박스,127.09916040469952,36.18976790825944
674869,743823,393034755,레인보우영화관,영화관,127.77747968504043,36.17307430045664
674948,743623,1030102755,레인보우도서관&영화관 주차장,주차장,127.77782377059768,36.17235111958193
519130,752155,8235944,논산시네마 (휴업중),영화관,127.08508927587033,36.205603873855566
571313,759506,641162521,별빛영화마을 대전자동차극장,자동차극장,127.31730158660702,36.23171230424669
480179,773136,10218554,금성시네마,영화관,126.91175221471647,36.28123362340018
480615,771807,349782469,스타박스,영화관,126.91369866159118,36.276444310295304
574935,779168,686436943,롯데시네마 대전관저,롯데시네마,127.33371857539976,36.30254434444084
578701,779980,628417335,CGV 대전가수원,CJCGV,127.35050305412813,36.30542335841963
602842,780525,19305100,CGV 대전가오,CJCGV,127.4580262505874,36.30702434676809
629240,779835,277179262,향수시네마,영화관,127.57557164021746,36.304028978423574
587289,791639,26523358,CGV 대전탄방,CJCGV,127.38895865725276,36.34733178361518
587077,791536,7993642,메가박스 대전,메가박스,127.38801216544336,36.346963576392696
587386,789876,10364267,롯데시네마 대전,롯데시네마,127.38935924104145,36.340975388653376
587005,789787,19877650,애플DVD영화관,비디오방,DVD감상실,127.38766009316366,36.34066009368633
591690,784245,8576722,CGV 대전,CJCGV,127.40842986285612,36.32061362409438
595217,786181,1828122047,메가박스 대전중앙로,메가박스,127.42417819673553,36.32753749556453
596658,786919,8264152,대전아트시네마,영화관,127.43061212238575,36.33017476244629
592013,784423,93418398,씨네인디 U,영화관,127.4098719813569,36.32125032695937
597777,784996,10280498,동화극장,영화관,127.43555856719387,36.32322498818789
600034,787836,18910249,K2DVD영화관,비디오방,DVD감상실,127.44567065057029,36.33342507306247
596073,786580,27241553,궁DVD영화관,비디오방,DVD감상실,127.42799932530875,36.32896215189043
596140,786476,21962125,cns DVD영화관,비디오방,DVD감상실,127.42829574694119,36.328586200602324
592703,788874,21299293,하란영화관,호프,요리주점,127.41303018839055,36.337284012567565
408633,792279,242763617,CGV 보령,CJCGV,126.59285822140706,36.349578222890834
408173,792966,7871171,명보시네마,영화관,126.5907954966313,36.352047603179976
571439,798575,26300425,CGV 유성노은,CJCGV,127.31843419081918,36.37254272844337
577320,792975,1573814921,메가박스 대전유성,메가박스,127.34455891324203,36.35228393593847
574093,793803,1692631786,CGV 유성터미널(예정),CJCGV,127.33019134995784,36.35530919528986
577177,795521,8081508,탑DVD영화관,비디오방,DVD감상실,127.34396205376594,36.36146322241121
585043,795640,24811652,롯데시네마 대전둔산,롯데시네마,127.3790206213278,36.36178611211488
585163,792912,1019401613,롯데시네마 대전센트럴,롯데시네마,127.37950768817356,36.35195095520301
585429,799425,852492896,메가박스 대전신세계 아트앤사이언스,메가박스,127.38080739911064,36.37542417795892
598176,792721,17215468,CGV 대전터미널,CJCGV,127.43749160281716,36.351064237143085
597726,794011,19135714,하란영화관,호프,요리주점,127.43551226721155,36.35572151833933
880698,796545,114083269,의성작은영화관,영화관,128.69645101699342,36.3536047835928
758840,812080,815374798,롯데시네마 상주,롯데시네마,128.15438256839766,36.41606823749477
455410,820460,473114364,청양시네마,영화관,126.80104136885699,36.451689856926805
589055,812875,1576890605,메가박스 대전현대아울렛,메가박스,127.39721692535328,36.42385352902948
531125,826505,8123047,메가박스 공주,메가박스,127.13891744889408,36.47356495622093
559060,829325,272135508,메가박스 세종나성,메가박스,127.26363077296058,36.48351969163416
560860,826520,22810622,별빛영화마을 세종자동차극장,자동차극장,127.27163020386357,36.47339075134946
662035,830953,1079970342,씨네Q 보은영화관,영화관,127.72332034369249,36.48748685776616
353217,840079,1641446018,안면읍영화관,영화관,126.34448271933894,36.52077384813739
555448,834566,25574588,CGV 세종점,CJCGV,127.24756786245518,36.50244595081245
557820,834682,2048124056,메가박스 세종청사,메가박스,127.25815981637393,36.502841637267274
1038840,848665,1392336779,씨네Q 영덕예주점,영화관,129.4064717347945,36.52923692513638
427660,862053,15251575,CGV 홍성,CJCGV,126.67660004505132,36.60134371727006
566688,862461,13010813,메가박스 세종조치원,메가박스,127.29813835958566,36.60288024778575
570369,857555,8011036,오송자동차극장,자동차극장,127.31452280912363,36.58515416072418
766323,859728,27111692,메가박스 문경점,메가박스,128.19037514980917,36.58745740059961
834108,857263,2125339069,메가박스 경북도청,메가박스,128.49309674081277,36.575164870789045
880385,855538,2000366314,롯데시네마 프리미엄안동,롯데시네마,128.69969062738255,36.566180561561765
887353,855365,9457153,중앙시네마,영화관,128.7307993879356,36.56510936586157
891528,854335,25890847,CGV 안동점,CJCGV,128.7493629048541,36.56112612559171
424573,873745,15825113,용봉산자동차극장,자동차극장,126.66261604684934,36.64344924189059
570815,866853,2088383936,롯데시네마 오송 (2024년예정),롯데시네마,127.31665317899005,36.61866367620793
595643,873825,24407641,CGV 청주지웰시티,CJCGV,127.4278094006103,36.643447187185814
596405,869048,22836519,CGV 청주터미널,CJCGV,127.43112178733935,36.626216444987676
596381,869196,1526989969,메가박스 청주고속터미널(2024년예정),메가박스,127.43101743281025,36.62675029250917
596815,869150,16508266,OCN DVD 3D 영화관,비디오방,DVD감상실,127.43295731054641,36.62657745095706
608879,871568,11951779,CGV 청주,CJCGV,127.48696076408075,36.63508469468284
609174,871622,7987508,CGV 청주성안길,CJCGV,127.48828133487356,36.63527393334432
602952,870886,1613494223,메가박스 청주사창,메가박스,127.46043845865371,36.63273186891075
609140,871619,1370390239,누워서보는영화관,테마카페,127.48812920647022,36.6352637432085
428247,878152,999669531,메가박스 홍성내포,메가박스,126.67898363038857,36.65937961405856
466015,882705,300588203,예산시네마,영화관,126.84792108715632,36.676126536550015
594262,874298,18425707,롯데시네마 서청주,롯데시네마,127.42164165798611,36.645174113914535
610489,880170,1146142551,CGV 청주율량,CJCGV,127.49435938852554,36.6660601583926
595707,892961,27544893,메가박스 오창,메가박스,127.42847800946116,36.71242042278438
973318,884432,1721794637,영양작은영화관,영화관,129.11756123670122,36.6636183435364
346159,905169,185465190,태안작은영화관,영화관,126.31087811040936,36.755199632904485
378705,911344,26919794,CGV 서산,CJCGV,126.45650224257975,36.77821123794019
380746,911480,11116624,롯데시네마 서산,롯데시네마,126.46564377387729,36.77874285290976
378706,911341,27346443,디퍼씨네마,영화관,126.45650679953201,36.7782004455053
378279,912657,11257470,팝스DVD영화관 서산점,비디오방,DVD감상실,126.45455996914201,36.78293494702022
380736,911487,9902119,씨앤비 멀티플렉스,영화,영상,126.46559879224657,36.77876788178323
378697,911585,198306460,더블이엔엠,영화,영상,126.45646026427093,36.77907971084083
495208,910596,608614500,신정자동차극장,자동차극장,126.97852835546492,36.77675469677881
503576,912863,23253832,롯데시네마 아산터미널,롯데시네마,127.01602478159724,36.7849268723498
501893,911585,1576846981,CGV 아산(2022년12월예정),CJCGV,127.00848240953249,36.780321147167335
501025,911877,11740539,DVD룸영화관,비디오방,DVD감상실,127.00459302096488,36.78137386406395
534843,912360,832382966,롯데시네마 천안청당(2022년10월예정),롯데시네마,127.15613461452702,36.78301244303286
558560,905092,172559029,천안자동차극장,자동차극장,127.2623225585571,36.75662846808204
629330,914475,1583975995,증평군립도서관 증평시네마,영화관,127.5795842854999,36.789326297610295
692665,909043,1758368462,괴산극장,영화관,127.86317211866411,36.76802757545713
522705,916655,19305102,CGV 천안펜타포트,CJCGV,127.10176371662607,36.79855251547053
524558,922365,957917398,CGV 천안시청,CJCGV,127.1100983060987,36.81912646735621
524155,920745,1125968183,롯데시네마 천안불당,롯데시네마,127.10828335615344,36.81328894185939
523979,920533,1659261558,씨네Q 천안불당,영화관,127.1074933066099,36.81252551699986
534640,922499,208530803,CGV 천안터미널,CJCGV,127.15529872646465,36.819559021832006
533103,919195,10818992,CGV 천안,CJCGV,127.14838505260369,36.80765878185544
533970,919455,58394716,인디플러스 천안점,영화관,127.15227324596401,36.808591022135836
533913,919087,921461064,천안낭만극장,영화관,127.15201511752693,36.807264917418756
532990,926050,11121372,메가박스 천안,메가박스,127.14792607304062,36.832367759898865
530090,929330,344925009,CGV 천안업성 (2022년10월예정),CJCGV,127.13494337100397,36.844205717728634
597683,933805,27356690,메가박스 진천,메가박스,127.43816166594445,36.85960449673086
597691,933815,27401442,유진텍코퍼레이션 진천지점,영화,영상,127.43819775514736,36.859640407542656
860828,927658,114846537,롯데시네마 영주,롯데시네마,128.617772501859,36.82724821876388
417603,945498,26414924,CGV 당진,CJCGV,126.63019982150621,36.90198286132319
421259,941374,1251727137,롯데시네마 당진,롯데시네마,126.64667628864055,36.887168560887815
417465,942991,7815047,당진시네마,영화관,126.62962415259749,36.89294491072186
418529,943991,1576403435,당진아트시네마,영화관,126.63438157276887,36.89656401730306
482678,950743,8570836,평택호자동차극장,자동차극장,126.92223845946897,36.92143788748484
620440,947360,1858017988,CGV 충북혁신,CJCGV,127.54057981938918,36.9080398652518
653795,955013,1893295343,음성작은영화관 (2021년예정),영화관,127.69052942150579,36.93484667498122
700060,962796,453949992,롯데시네마 충주,롯데시네마,127.89856510004932,36.96150672878629
707668,965551,17369720,메가박스 충주,메가박스,127.9328533682802,36.97117190645005
707728,965360,18973333,메가박스 충주신관,메가박스,127.93311445507959,36.97048144985142
707666,965555,22488135,대영티티씨,영화,영상,127.93284456121343,36.97118639250535
524810,972675,1182438593,CGV 평택소사,CJCGV,127.11149165117509,37.000461655085076
525035,971313,1934227682,롯데시네마 평택비전,롯데시네마,127.1124955268728,36.99555161199282
532458,971095,469144917,메가박스 안성스타필드,메가박스,127.145849413446,36.99472957295127
544358,974830,20496817,롯데시네마 안성,롯데시네마,127.19935672956304,37.0081139159194
557223,976016,1448156706,CGV 안성,CJCGV,127.2571894163915,37.012277402816395
706527,968271,1576715873,CGV 충주교현,CJCGV,127.92784756925727,36.98101459077015
709468,970098,1359690594,씨네Q 충주연수,영화관,127.94113986531329,36.98749483380503
1034210,977095,97650980,울진작은영화관,영화관,129.400187404796,36.992170156353204
513541,991206,7857148,롯데시네마 송탄,롯데시네마,127.06090415502639,37.06728983009476
480554,1004491,87365968,롯데시네마 향남,롯데시네마,126.91248155736372,37.1151559449963
946300,1005318,1065183941,태백작은영화관 (2022년예정),영화관,129.00813027978376,37.10116057809164
515755,1011968,1586464483,CGV 오산중앙,CJCGV,127.07093192973748,37.142116008962205
515633,1013070,1871798691,CGV 오산,CJCGV,127.07038634377513,37.14608820785189
516416,1012011,177869981,롯데시네마 오산원동,롯데시네마,127.07390802280574,37.14226917308983
769310,1011785,8067960,메가박스 제천,메가박스,128.21234971839698,37.13527754208891
771411,1008546,1345699663,CGV 제천(2021년예정),CJCGV,128.22161816885568,37.12350893372549
523567,1020166,206331535,CGV 동탄호수공원,CJCGV,127.10614425476335,37.171637204151224
523598,1018688,1711317056,CGV 동탄그랑파사쥬(2022년12월예정),CJCGV,127.10627641656446,37.16631004120118
826454,1026251,26931318,영월시네마,영화관,128.47053325750016,37.1844895387208
490130,1033313,421973157,CGV 화성봉담,CJCGV,126.95551833442029,37.21906094626271
515405,1029501,13324379,CGV 동탄,CJCGV,127.06941395006102,37.20530975020419
509456,1031933,7863914,롯데시네마 병점,롯데시네마,127.04261307208617,37.21408784091438
516163,1029289,26889397,메가박스 동탄,메가박스,127.07282871317997,37.204543608832005
515586,1029349,748827755,메가박스 화성반송 (2021년11월예정),메가박스,127.07022901636978,37.20476143080561
521810,1028611,1357766584,CGV 동탄역,CJCGV,127.09827028068582,37.2020815853064
525375,1034608,788667222,메가박스 용인기흥,메가박스,127.11436585053809,37.22368151514546
521712,1028247,1452780856,롯데시네마 동탄점,롯데시네마,127.09782702523194,37.20077002139118
522593,1032283,1283395289,씨네Q 화성영천(2023년예정),영화관,127.10181605278633,37.21531321657442
904265,1035253,1932328230,강원랜드 카사시네마,영화관,128.8216713211823,37.21205061774375
912177,1031892,2123408098,고한시네마,영화관,128.8570101350069,37.19938968634352
492148,1044315,781514892,메가박스 수원호매실(2021년12월예정),메가박스,126.96459442164223,37.25871723742464
507165,1045755,8552500,CGV 동수원,CJCGV,127.03231003308684,37.2639081276731
500059,1046481,8590676,CGV 수원,CJCGV,127.00026606532408,37.266529162006286
499305,1045885,26320062,롯데시네마 수원,롯데시네마,126.9968659296965,37.26438103681466
504427,1042265,8351266,메가박스 수원점,메가박스,127.01995990806607,37.25133229178439
507088,1044943,661594981,메가박스 수원시청(2023년9월예정),메가박스,127.03196157065474,37.26098163663297
500096,1046989,15503663,서라벌성인극장,영화관,127.00043293033114,37.26836007813944
504629,1042019,76277894,시네마테크,영화,영상,127.0208704159873,37.25044550735246
515853,1042609,7871759,메가박스 영통,메가박스,127.0714771863451,37.252552236956525
517670,1041795,1675354920,작은영화관,영화관,127.07966648615016,37.24961321130991
525377,1043995,12619049,용인자동차극장,자동차극장,127.11442599644104,37.25751390434067
545711,1038098,20282720,스카이라인DVD영화관,비디오방,DVD감상실,127.2060545882922,37.23613609047081
636683,1040740,656958956,메가박스 여주아울렛(2022년6월예정),메가박스,127.6161983391914,37.24423432994011
953308,1041168,780772894,도계작은영화관,영화관,129.04311912754414,37.2297518626682
459879,1050281,374168366,CGV 화성송산(2021년12월예정),CJCGV,126.81903870404362,37.280086664540256
489820,1048830,1966277089,롯데시네마 서수원,롯데시네마,126.95408732390518,37.27498644163335
496473,1055950,600039001,롯데시네마 북수원,롯데시네마,126.98408752155969,37.30065585267579
498038,1052245,1576054652,메가박스 수원스타필드(2024년예정),메가박스,126.99114976883348,37.287303214328325
501659,1056750,7992430,CGV 북수원,CJCGV,127.0074850609359,37.30354000203155
503535,1049233,22577498,메가박스 수원남문,메가박스,127.01594346259648,37.27644674833118
501559,1054020,761061969,독립영화관,한식,127.00703296568501,37.29370070694984
512740,1051726,1658931784,CGV 광교,CJCGV,127.0574664265529,37.28541903937854
512398,1052071,26928365,롯데시네마 광교아울렛,롯데시네마,127.05592468509344,37.28666321121704
515077,1054891,808842128,CGV 광교상현,CJCGV,127.06801821437074,37.296820585769986
525840,1048613,1768174346,롯데시네마 용인기흥,롯데시네마,127.1165393252251,37.27415587968012
526103,1050320,1564229606,CGV 기흥,CJCGV,127.11773504387999,37.2803069952212
532836,1053374,517199431,메가박스 용인테크노밸리,메가박스,127.1481250757842,37.29127994961671
533650,1049800,13109522,CGV 동백,CJCGV,127.1517711937959,37.278394089271686
598475,1050351,26785346,CGV 이천,CJCGV,127.44415690611615,37.279644012992826
610059,1052867,1464186626,이천 자동차전용극장,자동차극장,127.4964626907129,37.28850416534409
641345,1055465,1477176330,CGV 여주(2021년12월예정),CJCGV,127.63766193669332,37.29719113123206
462505,1059435,7989487,CGV 안산,CJCGV,126.8308090583784,37.313096412050214
464110,1060951,13580739,롯데시네마 센트럴락,롯데시네마,126.8380396470697,37.31857039471359
463546,1060806,26896674,메가박스 안산중앙,메가박스,126.83549563979952,37.31804428635832
465868,1060842,1069241716,롯데시네마 안산,롯데시네마,126.84597372640582,37.31818813755631
463561,1060739,12776763,와우DVD영화관,비디오방,DVD감상실,126.8355638554303,37.31780290433957
464106,1060948,25992201,팝스DVD영화관,비디오방,DVD감상실,126.83802161958853,37.31855955764379
464299,1060555,22175573,명화극장,문화,예술,126.83889558809996,37.31714432685592
464317,1060558,18396824,서대문 아트홀,영화,영상,126.8389767915821,37.31715524977808
517972,1059391,1898004794,롯데시네마 수지,롯데시네마,127.08109608959738,37.31303098997076
523654,1067099,1817905343,CGV 오리,CJCGV,127.10677457200714,37.340791230357915
523919,1062824,10996917,CGV 죽전,CJCGV,127.10794873581266,37.32538253129902
566253,1065908,132197882,CGV DRIVE IN 곤지암,CJCGV,127.29904856409641,37.33616896420441
706077,1066467,139904220,롯데시네마 원주무실,롯데시네마,127.9301518466381,37.33490512341364
710224,1065391,8340269,롯데시네마 남원주,롯데시네마,127.94881870587062,37.33087898718008
718494,1064704,1650885598,메가박스 원주센트럴,메가박스,127.98610696165002,37.32809812576854
425252,1077861,1013793443,메가박스 송도,메가박스,126.66241493059255,37.37914502893793
440301,1074736,639010670,CGV 배곧,CJCGV,126.73042039927918,37.36805681243964
440351,1075193,2100700350,메가박스 시흥배곧,메가박스,126.73064029098683,37.369704384401025
442819,1070105,8044736,롯데시네마 시화,롯데시네마,126.74184786500766,37.35139171665014
442821,1070108,1399850273,지원엠케이 시화지점,영화,영상,126.74185685719978,37.351402548589796
457305,1075423,1065604754,롯데시네마 장현(2021년예정),롯데시네마,126.80719764560612,37.37068290090936
484613,1071869,1250298692,롯데시네마 산본피트인,롯데시네마,126.9305269404793,37.358010647451174
485134,1072052,576470655,CGV 산본,CJCGV,126.93287869217816,37.35867155749937
485137,1072180,167312652,조이영화관,비디오방,DVD감상실,126.93289182668452,37.3591328910429
706205,1069145,18631292,CGV 원주,CJCGV,127.93084862634335,37.344551143075115
705965,1069265,8420647,메가박스 원주,메가박스,127.92977068332074,37.34499209957404
711210,1070348,1350242744,아카데미,영화관,127.953494146211,37.34870637319979
709736,1071042,9961981,원주영상미디어센터,영화관,127.94687211076376,37.35126073185293
420818,1078978,1846181613,CGV 송도타임스페이스,CJCGV,126.64237084604217,37.38311187040445
420758,1079923,563737869,롯데시네마 송도 (2022년12월예정),롯데시네마,126.64208366977917,37.38651685366919
429855,1085395,18479315,CGV 인천연수,CJCGV,126.6830889110149,37.40635533990182
429703,1084765,1089322133,CGV DRIVE IN 스퀘어원,CJCGV,126.68241177700874,37.40408296028963
435499,1084244,12720430,CGV 인천논현,CJCGV,126.70860392953398,37.40227269092115
428568,1088523,977061680,CGV 연수역,CJCGV,126.67722603442084,37.4176129895936
439659,1082881,27166384,메가박스 인천논현,메가박스,126.727415146978,37.39740519993506
474058,1088768,1851672522,메가박스 광명AK플라자,메가박스,126.88277588093567,37.41887849336414
482345,1083435,372108395,롯데시네마 안양일번가,롯데시네마,126.92024268701178,37.399689153540756
482801,1083998,7863918,롯데시네마 안양,롯데시네마,126.92230059228798,37.40171962320871
482990,1083277,2069481781,맨발DVD영화관,비디오방,DVD감상실,126.92315708456503,37.39912163799164
491634,1081589,8124415,CGV 평촌,CJCGV,126.96220951954065,37.3930568677899
489246,1080573,19783594,CGV 범계,CJCGV,126.95142493023509,37.38939117335832
489096,1080933,17357667,롯데시네마 평촌,롯데시네마,126.95074654207296,37.39068836564643
494732,1083608,22105332,롯데시네마 인덕원,롯데시네마,126.97620134945518,37.40033716432547
489508,1080791,8118854,팝스DVD영화관 평촌범계역2호점,비디오방,DVD감상실,126.95260787104753,37.39017734531339
491435,1079032,13532117,입지실업,부동산,126.9613153421659,37.38384091418137
527028,1080020,25460300,CGV 서현,CJCGV,127.12208025711728,37.387345072878986
524770,1081654,26919762,CGV 판교,CJCGV,127.11189007783491,37.39324423613429
527110,1079536,7987216,메가박스 분당,메가박스,127.12244779771396,37.3856003124911
528267,1087275,7989489,CGV 야탑,CJCGV,127.12772093643649,37.41348673755664
521836,1087175,834287348,롯데시네마 판교,롯데시네마,127.0986628323988,37.413154150350536
557213,1085710,63523700,CGV 경기광주,CJCGV,127.2584895597758,37.407632779539135
557831,1086096,17912307,롯데시네마 광주터미널,롯데시네마,127.26128650196223,37.409017802871375
868487,1080839,440698476,아리아리 정선시네마,영화관,128.6641306624128,37.37864952164233
378935,1096940,15202851,CGV 인천공항(휴업중),CJCGV,126.45274006963943,37.44712201181055
422975,1096313,832576327,CGV 인천학익,CJCGV,126.65182379819979,37.445616446425575
424187,1098190,189007328,린DVD영화관,비디오방,DVD감상실,126.65727145258022,37.452397149663604
434091,1097883,8000548,CGV 인천,CJCGV,126.70204835240824,37.451412078115816
434000,1095302,1653431222,롯데시네마 인천터미널,롯데시네마,126.70167391648559,37.44210909547654
434008,1096331,12286042,노블DVD영화관,비디오방,DVD감상실,126.70169535393285,37.44581771281703
453929,1096578,7989484,CGV 시흥,CJCGV,126.7917414252375,37.4469008803825
474367,1090465,26342323,롯데시네마 광명아울렛,롯데시네마,126.88416273568153,37.42499596765625
476720,1096318,294004801,메가박스 광명(2022년5월예정),메가박스,126.89476655461341,37.44610045929565
528713,1092243,228886416,CGV 성남모란,CJCGV,127.12976702226668,37.431389526671985
532429,1094936,1828188933,롯데시네마 성남중앙,롯데시네마,127.14658018551572,37.44107560833525
403039,1108610,438198785,롯데시네마 영종하늘도시,롯데시네마,126.56145042611641,37.489634258272645
425813,1102940,1022468851,CGV 인천도화,CJCGV,126.66454554326413,37.46953717307024
418140,1103749,9269056,애관극장,영화관,126.62983647275561,37.47234919506922
419137,1104620,21804693,인천미림극장,영화관,126.63432943909878,37.47550228719242
419133,1104611,533157513,가치함께시네마,영화관,126.63431150907908,37.475469795519786
429340,1101822,7987337,CGV 주안역,CJCGV,126.6805106416201,37.4655521122658
429378,1101195,25753080,CGV 남주안(휴업중),CJCGV,126.68069206644115,37.463292874850374
429483,1099728,1952834906,CGV 인천시민공원(2022년9월예정),CJCGV,126.68118925060695,37.45800709949342
429380,1100623,13313268,영화공간주안,영화관,126.68070987503651,37.46123141616359
429743,1108111,764381008,마을극장 나무,영화관,126.68223682751974,37.48822247424172
429580,1101126,1555647791,팝스DVD영화관 주안점,비디오방,DVD감상실,126.6816064240071,37.46304666373195
438830,1108508,19231585,롯데시네마 부평역사,롯데시네마,126.72333038550737,37.48975664938598
438604,1108870,25023582,부평대한극장,영화관,126.72230337714173,37.49105889483733
451557,1107399,24812079,CGV 부천역,CJCGV,126.78090536623168,37.48588058660061
451858,1107348,18961929,롯데시네마 부천역,롯데시네마,126.78226723251812,37.48569929887
458225,1106945,10818309,CGV 역곡,CJCGV,126.81106689158544,37.4842964396834
460995,1102250,245854640,CGV 부천옥길,CJCGV,126.82363430369819,37.46739492451776
458863,1100548,1770404451,메가박스 부천스타필드시티,메가박스,126.81400945567187,37.46124608911403
458301,1107330,1755204133,썬DVD영화관,비디오방,DVD감상실,126.81140712238307,37.48568453425573
475487,1105176,19339548,롯데시네마 가산디지털,롯데시네마,126.88914586813911,37.478019960078406
477186,1102791,26234854,롯데시네마 독산,롯데시네마,126.89684098865648,37.46943129592871
468083,1105583,26428373,롯데시네마 광명,롯데시네마,126.85566032807361,37.47945064122683
471178,1104365,1081976709,OLC 광명철산극장,영화관,126.86966457344509,37.475077203270835
470875,1104285,10893375,팝스DVD영화관,비디오방,DVD감상실,126.868294892064,37.474787361527625
473953,1104908,1307794484,작은영화관 사회적협동조합,영화,영상,126.88221025204616,37.47704736784132
484565,1106748,10356766,롯데시네마 신림,롯데시네마,126.93019362780348,37.48371688469249
479033,1107503,916795237,롯데시네마 신대방(2022년5월예정),롯데시네마,126.90517117790434,37.486420495523554
478285,1106448,23440075,칸디비디영화관,문화,예술,126.90179313088154,37.48261548152956
495943,1106980,8471776,메가박스 이수,메가박스,126.98165159069369,37.48457221758468
489420,1105984,18822096,롯데시네마 서울대입구,롯데시네마,126.95215261100624,37.4809743353031
495956,1107052,18722015,메가박스 아트나인,메가박스,126.9817103219429,37.48483171712535
492270,1103155,426427493,자체휴강시네마,영화관,126.96504630415603,37.47078302665067
495706,1104532,23393494,ROCKDVD영화관,문화,예술,126.98058200479885,37.475749365085086
506105,1108099,1129360223,CGV 서초그랑자이(2021년예정),CJCGV,127.02761228918983,37.488603328217415
510415,1107788,1913617889,롯데시네마 도곡,롯데시네마,127.04710526879248,37.487476310533474
511227,1100673,1867709864,명작극장,영화관,127.0507604596275,37.46183205466878
527804,1104891,8000192,CGV 송파,CJCGV,127.1257351340553,37.47697791144323
527381,1106311,427770120,메가박스 송파파크하비오,메가박스,127.12383069409604,37.4820976520958
531243,1103712,1359639007,롯데시네마 위례,롯데시네마,127.14127892613263,37.47271118879332
532814,1105747,1132383381,CGV 스타필드시티위례,CJCGV,127.14839737157767,37.48003667614476
608116,1109056,10567898,양평시네마,영화관,127.48901194350161,37.49104354375434
977528,1100098,27541760,가람영화관,영화관,129.15827983904276,37.44005925654153
434550,1117463,21308547,CGV 부평,CJCGV,126.70384487067706,37.521983305697475
428103,1117365,230020348,CGV 인천가정(2022년12월예정),CJCGV,126.6746747434307,37.52155336777895
446310,1112643,20203621,CGV 소풍,CJCGV,126.75711358598154,37.504733546454894
447058,1112538,21550147,CGV 부천,CJCGV,126.76049862002571,37.50436203666755
439713,1115570,1251557020,롯데시네마 인천갈산 (2021년12월예정),롯데시네마,126.72723154486062,37.51521725566998
449860,1112090,13064962,롯데시네마 부천,롯데시네마,126.77317922365198,37.50277246708951
448348,1112325,1953742560,부천독립영화전용관 판타스틱큐브,영화관,126.76633672699121,37.5036060740414
449226,1115414,26027947,DVD영화관,영화관,126.77027447820194,37.5147465884453
473961,1111681,7999536,CGV 구로,CJCGV,126.88220810615014,37.50145745467572
472351,1118590,11001006,CGV 목동,CJCGV,126.87488344907094,37.52635005502155
472614,1119278,21551839,메가박스 목동,메가박스,126.87606946538453,37.52883086123991
475451,1113759,21581716,롯데시네마 신도림,롯데시네마,126.88893727159837,37.50895312548437
475665,1113363,626866180,씨네Q 신도림,영화관,126.88990752857174,37.50752684274541
475885,1112557,1666188558,영화관포차,실내포장마차,126.89090704243107,37.504622930688825
483555,1118395,18133518,CGV 여의도,CJCGV,126.92558415024232,37.5256901020162
478508,1116132,8000376,CGV 영등포,CJCGV,126.9027564046312,37.5175176380169
479633,1115784,8354578,롯데시네마 영등포,롯데시네마,126.90784816240014,37.516267523832056
484426,1116845,13603546,쇼타임즈,영화관,126.9295307945482,37.52010630762283
487849,1114875,21133613,로드쇼영화관,비디오방,DVD감상실,126.94502437959173,37.513014627987076
492034,1119517,10813506,CGV 용산아이파크몰,CJCGV,126.96395081577674,37.52975174070719
492170,1119285,1582438060,CGV 씨네드쉐프 용산아이파크몰,CJCGV,126.9645666629907,37.52891579760372
497429,1111651,1954527302,씨네Q 반포(2025년예정),영화관,126.9883696450513,37.50140748827927
505834,1111721,10811159,CGV 강남,CJCGV,127.02639117713231,37.50165739447512
508184,1117630,14718298,CGV 청담씨네시티,CJCGV,127.03703235510883,37.522950673058794
506497,1118030,14951451,CGV 압구정,CJCGV,127.029399297309,37.52439442368736
505840,1110694,10609442,메가박스 강남,메가박스,127.02641701526396,37.49795605551632
504840,1115820,7906622,롯데시네마 브로드웨이,롯데시네마,127.02189895003502,37.516431186132486
505946,1111367,741246884,메가박스 강남대로씨티,메가박스,127.02689737212256,37.50038145588681
506498,1118021,7973004,CGV씨네드쉐프 압구정,CJCGV,127.02940380963558,37.52436198647884
500864,1112703,7980397,메가박스 센트럴,메가박스,127.00390864835097,37.505199427786
506331,1118075,1960427056,CGV 압구정 본관,CJCGV,127.02864819989901,37.52455678868775
504864,1117635,913073082,이봄씨어터,영화관,127.02200946110872,37.52297244806631
504867,1117639,1991535189,THE 픽쳐스,영화관,127.02202304025958,37.522986861576555
506027,1111508,17004642,디지털DVD영화관,비디오방,DVD감상실,127.02726396908537,37.50088953923325
512867,1114893,7877178,메가박스 코엑스,메가박스,127.05821511825867,37.513077948101774
523024,1115158,25975699,롯데시네마 월드타워,롯데시네마,127.10417045660888,37.51400142301169
527678,1119180,148763108,메가박스 강동,메가박스,127.12525133590856,37.52847627539613
522609,1115978,1001782426,킴스컴퍼니,영화,영상,127.10229685510525,37.5169583516231
604023,1112234,7852404,양평자동차극장,자동차극장,127.4705716251468,37.50257192893562
716321,1109965,146744156,횡성시네마,영화관,127.97842018225127,37.4912799045919
415933,1125026,1576293076,메가박스 청라스타필드(2024년예정),메가박스,126.61946772567603,37.548998507029374
420720,1120358,844529791,CGV 청라,CJCGV,126.64121647282414,37.532243209800555
426578,1124598,1037860289,롯데시네마 인천아시아드,롯데시네마,126.66765874998678,37.547601476163
423928,1120767,2059278210,메가박스 청라지젤,메가박스,126.6557273325706,37.53376043402815
441363,1120745,10821126,CGV 계양,CJCGV,126.73463083974039,37.53388480831384
439923,1123278,10661062,엔피아DVD영화관,비디오방,DVD감상실,126.72808085607706,37.542998816088605
456680,1128984,21344827,롯데시네마 김포공항,롯데시네마,126.80387163737709,37.563713365801206
463606,1127750,207824581,메가박스 마곡,메가박스,126.83523829652853,37.5593139908738
464146,1122572,26781195,메가박스 화곡,메가박스,126.83772342081716,37.54065597157676
464416,1127791,23495226,씨네원디브이디 영화관,비디오방,DVD감상실,126.83890496996523,37.55946681407539
468190,1127340,1509815784,CGV 등촌,CJCGV,126.85599360789324,37.55786349607971
486790,1126980,20126041,CGV 신촌아트레온,CJCGV,126.94019824789092,37.55663873571962
482908,1126945,25540042,CGV 홍대,CJCGV,126.92262455320177,37.556502387388335
487161,1127793,10340258,메가박스 신촌,메가박스,126.94187549046455,37.559569615940845
483407,1127104,7856282,롯데시네마 홍대입구,롯데시네마,126.9248829480946,37.5570768800232
482780,1126818,1365253252,메가박스 홍대,메가박스,126.92204557476798,37.55604429991829
480867,1125547,17811672,롯데시네마 합정,롯데시네마,126.91339079073998,37.55145759658528
483630,1127268,1066689336,CGV 연남,CJCGV,126.92589189023766,37.557668571739164
487646,1128957,17734296,필름포럼,영화관,126.94406803752089,37.563765715053655
484745,1129347,584284,라이카시네마,영화관,126.9309326517098,37.565164315442104
482556,1125423,21059836,KT&G 상상마당시네마,영화관,126.92103683901877,37.55101606235461
478268,1129689,891782272,마실영화관,영화관,126.90160630418882,37.56637607909987
485916,1127521,16051068,멀티플렉스영화관,멀티방,126.93623998532686,37.55858642242913
496783,1128275,27572008,CGV 명동역 씨네라이브러리,CJCGV,126.98543570918655,37.56132014687349
496153,1128878,25121674,CGV 명동,CJCGV,126.98258301091111,37.56349296423648
491192,1120404,20617480,롯데시네마 용산,롯데시네마,126.96013874463321,37.53294726810328
495990,1129101,11082743,롯데시네마 에비뉴엘,롯데시네마,126.98184484626596,37.564296541769906
498270,1129090,182459246,서울시네마테크 (2022년예정),영화관,126.9921674813207,37.564258034027155
493879,1126292,17012361,팝스DVD영화관,비디오방,DVD감상실,126.97229110762467,37.55417108336551
508383,1128405,7992952,CGV 왕십리,CJCGV,127.03795250356681,37.561783463503254
501677,1129787,8334053,메가박스 동대문,메가박스,127.0075928178608,37.56677002682166
498977,1128232,10558665,대한극장,영화관,126.99536859221632,37.56116598289623
502370,1126642,16984919,필란디아DVD영화관,비디오방,DVD감상실,127.01072883267625,37.55543524404132
514774,1122296,1057410264,CGV 건대입구,CJCGV,127.06686690432862,37.53975383623125
516112,1121979,21304567,롯데시네마 건대입구,롯데시네마,127.07292155552724,37.5386077847045
509920,1122885,592835736,메가박스 성수,메가박스,127.04489905308797,37.54188698753481
517304,1126712,1862063337,메가박스 군자,메가박스,127.0783342905058,37.55566202562656
516177,1123116,12817416,KU시네마테크,영화관,127.07321974684957,37.542705346904775
513151,1122621,655821365,모노플렉스,영화관,127.05952216541861,37.54092906648087
521136,1121095,8545875,CGV 강변,CJCGV,127.09565566131116,37.53540562147548
527694,1121440,7856277,롯데시네마 강동,롯데시네마,127.12533737017088,37.53662122942692
520648,1121087,17010853,M&GDVD영화관 강변역점,비디오방,DVD감상실,127.09344707569511,37.53537855775338
531439,1124025,26870251,CGV 천호,CJCGV,127.14230413323283,37.54591833358904
541903,1129680,1161040154,메가박스 미사강변,메가박스,127.18971938515531,37.56623220836304
542466,1128949,1121639751,CGV 하남미사,CJCGV,127.19226163151065,37.56359358664606
545168,1127443,338597164,롯데시네마 하남미사,롯데시네마,127.20447983095261,37.558145461678436
967497,1122686,11494667,롯데시네마 동해,롯데시네마,129.1152644309508,37.522230682859416
393663,1136869,1523769151,DRFA 365예술극장,영화관,126.51838994744725,37.591311061872965
428328,1135788,27124089,메가박스 검단,메가박스,126.6754049722861,37.58795142656887
477520,1130470,320786874,메가박스 상암월드컵경기장,메가박스,126.89821583796049,37.56918791434239
477631,1132087,1576195787,롯데시네마 상암(2025년오픈예정),롯데시네마,126.8987105270545,37.57501597373544
475715,1133642,13605665,시네마테크KOFA,영화관,126.8900264249932,37.580612384654756
477603,1130421,26332273,영화관 개방화장실,화장실,126.89859188135213,37.56901164289459
498081,1130964,27307026,CGV 피카디리1958,CJCGV,126.99131100549435,37.5710118384525
493845,1130587,15533457,씨네큐브 광화문점,영화관,126.97213142935739,37.5696501678693
498140,1130538,17532139,인디스페이스,영화관,126.9915783230601,37.569476561698885
498141,1130657,26606071,서울아트시네마,영화관,126.9915828025806,37.569905435859035
497312,1131409,1348730757,실버영화관,영화관,126.98782880773899,37.572615302146396
497312,1131413,12165606,모두의 극장,영화관,126.98782880539294,37.57262971806635
497374,1131448,1345891117,낭만극장,영화관,126.98810951973219,37.572755885974104
498169,1130606,10052734,합동영화,영상제작,배급,126.99170960161136,37.56972164176066
498172,1130591,12370663,한국시네마테크협의회,단체,협회,126.99172319098774,37.569667582986376
501661,1130281,793127848,CGV 동대문,CJCGV,127.0075205549439,37.568550399098065
503764,1136953,7989315,CGV 성신여대입구,CJCGV,127.01704784687303,37.592595130053525
499965,1134418,7986504,CGV 대학로,CJCGV,126.99984149794692,37.583460295513845
503065,1139073,26973759,아리랑시네센터 아리랑인디웨이브,영화관,127.01388336713694,37.6002359515058
499660,1130488,24725281,바다극장,영화관,126.99846055737906,37.56929665294149
503773,1136947,1914292586,씨네Q 성신여대입구,영화관,127.01708860457886,37.59257350035285
500507,1134744,1380435801,시네마차이나 서울,영화관,127.00229605153855,37.58463516851284
500135,1134705,27200529,해오름소극장,영화관,127.00061137352077,37.58449463432252
500133,1134370,24690479,VIP영화관,비디오방,DVD감상실,127.0006023064081,37.58328730335613
502593,1130746,10844775,청계극장 매점,생활용품점,127.01174065971188,37.570225906487266
516510,1137081,24345793,메가박스 상봉,메가박스,127.0747772542743,37.59303398208679
510513,1133583,12553387,롯데시네마 청량리,롯데시네마,127.04760756429795,37.58044137700443
515960,1131177,8123049,롯데시네마 장안,롯데시네마,127.0722656205567,37.57175768793394
516877,1137131,1951459615,동부DVD존 DVD영화관,비디오방,DVD감상실,127.07643965725254,37.59321311552521
515118,1137082,1315781035,영화관풋잠,문화시설,127.06847260181097,37.59304141188624
520353,1138358,27486710,CGV 상봉,CJCGV,127.09218866642206,37.597623930408645
531381,1139542,192205180,CGV 구리,CJCGV,127.14214786039494,37.60184142403832
531020,1139100,22728717,시네오DVD영화관,문화,예술,127.14050963189312,37.600250435512265
812725,1138230,27122095,HAPPY700 평창시네마,영화관,128.41627785879197,37.58870072751666
812737,1138256,1991775417,평창영화봄협동조합,영화,영상,128.41633396489868,37.58879374999739
435390,1148048,379572087,CGV 김포한강,CJCGV,126.70721447435737,37.632218980788444
438858,1140990,541850325,CGV 김포,CJCGV,126.72302420708478,37.60682054079949
463188,1148966,18333558,CGV 화정,CJCGV,126.83317532572684,37.635772727859795
463470,1142815,905905961,CGV 고양행신,CJCGV,126.83450244308474,37.61360673530382
463046,1148058,8439030,엔피아DVD영화관,비디오방,DVD감상실,126.83253915615522,37.63249945052184
463221,1148410,115324270,씨네존DVD영화관,비디오방,DVD감상실,126.8333293502517,37.63376915595447
484368,1141641,10812689,CGV 불광,CJCGV,126.92918381357181,37.609470491058
481910,1149262,373308156,롯데시네마 은평,롯데시네마,126.91801841920514,37.63692895184684
482272,1144407,16996795,멀티비디오영화관,비디오방,DVD감상실,126.91967778743508,37.619432939501436
481431,1144167,26924796,갈현제2동주민센터 문화마을영화관,주민센터,126.9158683539341,37.61856533685799
505255,1148913,466590669,롯데시네마 수유,롯데시네마,127.02381460089975,37.63569725540823
506780,1142354,10811991,CGV 미아,CJCGV,127.03071586490105,37.6120573620015
506765,1142486,17013894,씨네마DVD영화관,비디오방,DVD감상실,127.03064810468466,37.61253310176462
507086,1142405,17013577,스타맥스 DVD영화관,비디오방,DVD감상실,127.03210223496116,37.612240794757895
515175,1150019,19537620,CGV 중계,CJCGV,127.06877369553338,37.63966557201466
516770,1143208,1682657564,롯데시네마 중랑,롯데시네마,127.07597730245793,37.61511467863741
514250,1149778,20912534,CGV 하계,CJCGV,127.0645808099395,37.638799392389245
518383,1144928,27364366,청춘극장,영화관,127.0832919854956,37.621308538554594
510261,1144257,1289626234,하늘채시네마,영화관,127.04649032618259,37.61891052553442
514286,1149781,26627752,건영스포렉스,영화관,127.06474397074606,37.638810114783226
514343,1143202,16997247,석계DVD영화관,비디오방,DVD감상실,127.06498164886797,37.615099621986296
527249,1148997,1851480151,CGV 갈매(2023년2월예정),CJCGV,127.12348735058102,37.63593776716858
530998,1142420,26409455,롯데시네마 구리아울렛,롯데시네마,127.14043247264132,37.61221566360488
533683,1143625,1595098454,메가박스 남양주현대아울렛 스페이스원,메가박스,127.15260535807249,37.61654331134807
533618,1142363,409624396,CGV 다산현대캠퍼스몰(2022년8월예정),CJCGV,127.15230159152189,37.611995517251515
536995,1141715,673816364,씨네Q 남양주(2023년9월예정),영화관,127.16759531419905,37.60963942730005
417154,1151682,1804913924,메가박스 김포한강신도시,메가박스,126.62451208440588,37.64508141738017
430316,1154306,26102508,CGV 김포운양,CJCGV,126.68412604991202,37.654712776597954
445241,1157933,12545321,메가박스 킨텍스,메가박스,126.75173611071274,37.66794584797895
444246,1160363,285789709,시네마DVD영화관,비디오방,DVD감상실,126.74719535667393,37.67669370461834
449833,1154333,8000717,CGV 일산,CJCGV,126.77259453626783,37.6550138003908
449068,1156025,17736317,롯데시네마 라페스타,롯데시네마,126.7691079574233,37.661104860746384
454213,1150785,407786827,메가박스 일산벨라시타,메가박스,126.7924843959612,37.642263731401115
453639,1151229,18512610,메가박스 백석,메가박스,126.78987842499829,37.643859264155175
449196,1155600,16599956,시네마DVD영화관,비디오방,DVD감상실,126.76969295226299,37.65957433883022
449486,1155047,21133165,코코아디브이디영화관,비디오방,DVD감상실,126.7710137051488,37.65758394229657
448906,1156442,20099016,코코아DVD영화관 라페스타점,비디오방,DVD감상실,126.76836889245098,37.66260624554613
463558,1155023,1777299442,칸DVD영화관,비디오방,DVD감상실,126.83480374680839,37.65760402845134
476322,1151965,1482717636,메가박스 고양스타필드,메가박스,126.89268033657501,37.6466500642405
506585,1150770,2135428667,CGV 수유,CJCGV,127.02984456913843,37.64238839946216
513485,1154315,22105322,롯데시네마 노원,롯데시네마,127.06112724076462,37.65515228089157
512269,1160259,27264207,롯데시네마 수락산,롯데시네마,127.05563112504423,37.67657671642336
509625,1157153,1653886254,CGV 방학(2021년예정),CJCGV,127.04363592808193,37.66538799013942
513554,1154040,1480852440,더숲아트시네마,영화관,127.0614391996469,37.654161038267524
516386,1155754,17004217,맥스DVD영화관,비디오방,DVD감상실,127.07428257433939,37.66033078174688
527971,1154540,26410189,메가박스 별내,메가박스,127.12679326448105,37.65591086100999
528065,1151325,2125039749,롯데시네마 별내,롯데시네마,127.12719960470845,37.64432378749447
553852,1154289,9187176,메가박스 남양주,메가박스,127.244108801658,37.654821845630536
568259,1153090,20281135,롯데시네마 마석,롯데시네마,127.30939640387741,37.650347579782874
565268,1152805,274329460,CGV 녹촌(2022년예정),CJCGV,127.29583524452573,37.649355249614715
869471,1158109,27479331,알펜시아리조트 알펜시아시네마,영화관,128.67478419567243,37.65695021044227
431177,1170706,17165625,메가박스 파주출판도시,메가박스,126.68778122473408,37.713826435311866
446794,1168412,1429264299,메가박스 파주운정,메가박스,126.75865463088574,37.705725495925215
446440,1163903,8412892,메가박스 일산,메가박스,126.75710190184334,37.68947234366654
541148,1170135,12817405,롯데시네마 진접,롯데시네마,127.1866654915464,37.712034243857694
692802,1162648,24150748,홍천시네마,영화관,127.87427347198387,37.68195889104304
918108,1169170,2121945456,강릉자동차극장,자동차극장,128.89616177140968,37.693455800163875
384283,1179633,26465292,강화작은영화관 (휴업중),영화관,126.47482377823887,37.745241700588345
441933,1175128,682409580,롯데시네마 파주운정,롯데시네마,126.73651936547431,37.72988177883626
454768,1176123,1293573724,퍼스트가든 자동차극장,자동차극장,126.79474824709546,37.73358340006322
489016,1173593,25010084,장흥자동차극장,자동차극장,126.95016326707916,37.72463372772087
509727,1177334,23122382,CGV 의정부태흥,CJCGV,127.04414146198185,37.7381181224057
510077,1177321,17652586,CGV 의정부,CJCGV,127.045729744796,37.738070666523335
510797,1177675,189812529,씨네텍DVD영화관,비디오방,DVD감상실,127.04899796736868,37.739345126148386
510772,1177550,20203476,엔피아디브이디영화관,비디오방,DVD감상실,127.04888421844055,37.73889468865622
510778,1177552,1810351469,엔피아DVD영화관,스포츠,레저,127.04891145166523,37.73890188511507
521274,1179026,1020875175,롯데시네마 의정부민락,롯데시네마,127.09655001690292,37.744184603998036
521139,1179445,27533008,메가박스 의정부민락,메가박스,127.0959392822469,37.745695125566826
430606,1189027,11304900,자유로자동차극장,자동차극장,126.6849110855232,37.779845111033715
450358,1184819,26405690,메가박스 파주금촌,메가박스,126.77464186293571,37.76488588549728
530691,1187893,614625317,포천자동차극장,자동차극장,127.1393480061672,37.77609722667338
536248,1189153,25764713,광릉수목원 자동차극장,자동차극장,127.1645887328007,37.78060552648627
917545,1185178,1243297358,롯데시네마 강릉(2022년예정),롯데시네마,128.89507873358136,37.75115625499959
917888,1186206,17664219,강릉독립예술극장 신영,영화관,128.8967292509471,37.75483396075453
917887,1185775,9203482,씨네파크DVD영화관,비디오방,DVD감상실,128.8966850699745,37.75328161952217
433434,1192290,643326766,헤이리시네마,영화관,126.69770377905695,37.79163794445602
432775,1191670,23787776,와우4D파크,영화관,126.69472029354512,37.789395874937114
517633,1193483,15230018,메가박스 양주,메가박스,127.08008187151526,37.79629791971287
517642,1193455,17804043,디네로,영화,영상,127.0801226368138,37.796196984415985
520270,1199883,308758690,CGV 양주옥정,CJCGV,127.0920866706741,37.81935369093174
576519,1199631,2017434478,조종면작은영화관 (2021년12월예정),영화관,127.34761905331887,37.81796859183582
612993,1201388,308067488,1939시네마,영화관,127.51335593810742,37.82369474538541
532978,1202710,646707979,CGV 포천,CJCGV,127.14983960330925,37.82948239022494
663653,1209181,10992291,CGV 춘천,CJCGV,127.74378407092743,37.85054899736807
663226,1211479,780756891,좋은DVD멀티영화관,비디오방,DVD감상실,127.74192654575522,37.85884209145365
452513,1213078,25412890,CGV 파주문산,CJCGV,126.78412843168293,37.86674412498323
512805,1221470,599976455,CGV 동두천(오픈예정),CJCGV,127.05823434646273,37.89717062005136
658389,1213575,1172661994,메가박스 남춘천,메가박스,127.72001557553226,37.86653153742442
660270,1216738,1564722139,롯데시네마 춘천,롯데시네마,127.72867798075127,37.877876823263875
663855,1214790,482114280,백령시네마,영화관,127.74490547273938,37.87075521714224
511430,1224723,10304178,동광극장,영화관,127.05198939555135,37.908896631032306
512271,1224555,17053627,동두천문화극장,영화관,127.05581422806696,37.90828944543353
511430,1224712,19762316,문화극장 3관,영화관,127.05198936765743,37.90885698953517
789875,1242405,1966579037,기린작은영화관 (2022년12월예정),영화관,128.31947554155664,37.96522920908837
-934,1247979,1453726530,백령작은영화관 (2024년예정),영화관,124.71974149655686,37.97060883121898
614262,1270683,27282837,토마토시네마,영화관,127.52088114985729,38.07338099420331
755540,1268635,2087779621,CGV 인제,CJCGV,128.16471316710494,38.061384022026964
559666,1275235,1009442037,포천클라우드시네마,영화관,127.2720613117912,38.09062419368164
654132,1280056,26406944,산천어시네마,영화관,127.70294717012592,38.10620959370891
715721,1281512,1080812130,정중앙시네마 (휴업중),영화관,127.98387269361547,38.109439738340285
856364,1273754,1952785508,양양작은영화관,영화관,128.62451559026252,38.07437316668281
568580,1290453,1454101351,철원작은영화관 삼부연,영화관,127.31294023915234,38.14536252485732
764409,1285232,696700340,북면작은영화관 (2021년 12월예정),영화관,128.20611095292102,38.12077326141652
547918,1308668,969148878,철원작은영화관 뚜루,영화관,127.21885362313554,38.21121511964394
645046,1308789,1155800812,DMZ시네마,영화관,127.66244749914696,38.20998609321975
847958,1309385,1564712788,롯데시네마 속초,롯데시네마,128.58899150335668,38.20324813235512
847350,1305443,11115243,메가박스 속초,메가박스,128.58590790235624,38.18908574935578
822005,1357768,404348452,고성작은영화관 (2022년예정),영화관,128.4740336828509,38.37908455911444
